,xcenter,ycenter,width,height,confidence,class,name,frame
0,840.6574096679688,407.6569519042969,51.97509765625,30.556640625,0.612084150314331,2,car,5
0,364.9583435058594,467.60321044921875,273.87164306640625,119.15103149414062,0.6177071332931519,2,car,9
0,375.5430603027344,467.80267333984375,271.92266845703125,115.57119750976562,0.6019253730773926,2,car,10
0,1235.921142578125,543.6682739257812,88.15771484375,77.4022216796875,0.6605857014656067,2,car,34
0,1232.990966796875,541.6331176757812,94.0181884765625,84.778564453125,0.7927918434143066,2,car,35
1,691.593505859375,473.9396667480469,255.600830078125,115.43975830078125,0.6241640448570251,2,car,35
0,1229.9202880859375,541.856689453125,100.159423828125,88.174560546875,0.710402250289917,2,car,36
1,871.8790893554688,413.21234130859375,58.111083984375,42.14813232421875,0.6038815379142761,2,car,36
0,1225.846435546875,541.861328125,108.30712890625,90.662353515625,0.8107351660728455,2,car,37
1,873.0881958007812,413.3063659667969,55.666748046875,41.52459716796875,0.7035723328590393,2,car,37
0,1222.334228515625,539.2677001953125,115.3314208984375,96.6649169921875,0.8080705404281616,2,car,38
1,874.5308837890625,413.6310729980469,52.85546875,41.99969482421875,0.7224313020706177,2,car,38
0,1214.54345703125,535.933837890625,130.9130859375,99.233642578125,0.801247239112854,2,car,39
1,877.2279052734375,414.1621398925781,53.89306640625,42.44415283203125,0.7354920506477356,2,car,39
0,1210.288330078125,535.9381103515625,139.4232177734375,98.9283447265625,0.7902817130088806,2,car,40
1,878.6838989257812,413.9151916503906,55.8853759765625,42.86614990234375,0.6959071755409241,2,car,40
0,1206.6240234375,536.8041381835938,146.751953125,99.75537109375,0.8373639583587646,2,car,41
1,879.5421752929688,414.0601806640625,58.5625,44.2049560546875,0.6398687958717346,2,car,41
2,757.2571411132812,479.14630126953125,270.9019775390625,117.13742065429688,0.6201836466789246,7,truck,41
0,1203.209228515625,536.534912109375,153.5814208984375,98.38912963867188,0.8587362766265869,2,car,42
1,879.012451171875,414.805908203125,60.98388671875,44.1956787109375,0.6474143266677856,2,car,42
2,774.8232421875,479.4049072265625,260.00439453125,117.96878051757812,0.6393195390701294,7,truck,42
0,1199.0594482421875,535.3720703125,161.125732421875,100.960693359375,0.8765931129455566,2,car,43
1,881.1023559570312,414.5959777832031,60.164306640625,42.97607421875,0.6943991184234619,2,car,43
0,1191.64306640625,534.7822265625,172.103515625,102.6177978515625,0.8789438009262085,2,car,44
1,883.4468994140625,415.3350524902344,62.0264892578125,42.8001708984375,0.6839619874954224,2,car,44
2,802.4727172851562,479.75311279296875,259.9827880859375,116.0692138671875,0.6106275320053101,7,truck,44
0,1190.83740234375,535.1483154296875,171.7939453125,105.02120971679688,0.8888277411460876,2,car,45
1,885.2491455078125,417.7615966796875,61.0341796875,45.77203369140625,0.6857165694236755,2,car,45
0,1188.7581787109375,534.5746459960938,176.723388671875,103.068603515625,0.8885049819946289,2,car,46
1,820.505615234375,479.93212890625,277.02294921875,119.2669677734375,0.6009508967399597,7,truck,46
0,1185.965576171875,533.824462890625,183.1728515625,101.3629150390625,0.8821196556091309,2,car,47
1,833.4786376953125,479.8359375,269.427490234375,121.35861206054688,0.6681564450263977,7,truck,47
0,1182.5550537109375,534.462890625,192.7890625,102.1075439453125,0.8908892869949341,2,car,48
0,1178.4801025390625,534.164306640625,201.41796875,101.3912353515625,0.8945070505142212,2,car,49
0,1174.2322998046875,534.5222778320312,208.552490234375,102.3717041015625,0.89382404088974,2,car,50
0,1172.9681396484375,532.848388671875,210.666015625,103.230712890625,0.8947463631629944,2,car,51
0,1172.12744140625,531.0609130859375,214.000244140625,99.20065307617188,0.8998706340789795,2,car,52
1,898.5145263671875,480.5096435546875,275.444091796875,127.324462890625,0.6450332403182983,7,truck,52
2,36.87403106689453,475.1697082519531,73.74806213378906,84.16241455078125,0.6175506711006165,1,bicycle,52
0,1168.9698486328125,529.9614868164062,217.988525390625,105.18017578125,0.9035013318061829,2,car,53
1,39.0692138671875,477.83135986328125,77.64250183105469,78.66354370117188,0.6242998838424683,1,bicycle,53
0,1161.0889892578125,527.3709716796875,234.30712890625,108.572998046875,0.893536388874054,2,car,54
1,46.69251251220703,477.62091064453125,85.27156066894531,80.294189453125,0.6936253309249878,1,bicycle,54
2,930.5654296875,480.7629089355469,269.7626953125,120.64056396484375,0.6242339015007019,7,truck,54
0,1160.22265625,527.661865234375,239.284912109375,110.38552856445312,0.8887390494346619,2,car,55
1,47.22434997558594,473.8394775390625,90.25120544433594,87.3021240234375,0.7244003415107727,1,bicycle,55
0,1158.91455078125,526.5490112304688,242.1708984375,110.93008422851562,0.8745336532592773,2,car,56
1,47.026100158691406,475.51348876953125,93.9404296875,85.2647705078125,0.7334082126617432,1,bicycle,56
0,1155.4505615234375,529.95166015625,249.098876953125,111.0438232421875,0.8715929985046387,2,car,57
1,48.87493133544922,476.6768798828125,95.02926635742188,83.64846801757812,0.6591744422912598,1,bicycle,57
2,958.2825927734375,480.67681884765625,260.98370361328125,120.24264526367188,0.6032553911209106,7,truck,57
0,1152.1231689453125,529.4351196289062,255.753662109375,111.6356201171875,0.8598121404647827,2,car,58
1,52.1522216796875,478.1293640136719,94.81379699707031,78.70281982421875,0.6257787346839905,1,bicycle,58
0,1147.7021484375,529.3175048828125,264.5955810546875,112.251220703125,0.8520550727844238,2,car,59
1,59.29633331298828,477.9560546875,110.26890563964844,78.7742919921875,0.6373661756515503,1,bicycle,59
0,1145.2188720703125,528.454345703125,269.56231689453125,114.52395629882812,0.8719404935836792,2,car,60
1,67.4735107421875,476.41949462890625,102.77947998046875,80.127197265625,0.602108895778656,1,bicycle,60
0,1143.93701171875,527.2303466796875,270.86895751953125,119.1112060546875,0.8733931183815002,2,car,61
1,72.28271484375,476.63385009765625,105.53790283203125,82.305908203125,0.6425786018371582,1,bicycle,61
2,898.4552612304688,417.6915283203125,63.7154541015625,40.0340576171875,0.6220791339874268,2,car,61
3,1008.4779052734375,482.14227294921875,242.73675537109375,121.14999389648438,0.6112023591995239,7,truck,61
0,1139.1329345703125,528.6951904296875,281.73406982421875,119.050048828125,0.8399670124053955,2,car,62
1,75.73118591308594,476.14483642578125,106.63525390625,81.66244506835938,0.6843914985656738,1,bicycle,62
2,899.4247436523438,418.6515808105469,68.079833984375,44.8475341796875,0.6439209580421448,2,car,62
0,1138.49560546875,524.8567504882812,283.0086669921875,128.8587646484375,0.8102172017097473,2,car,63
1,900.9135131835938,418.87213134765625,64.963134765625,45.3138427734375,0.6735804080963135,2,car,63
2,87.63807678222656,476.3333740234375,100.21035766601562,79.05908203125,0.6614106893539429,1,bicycle,63
0,1132.870849609375,521.2799682617188,294.25830078125,138.36331176757812,0.8673234581947327,2,car,64
1,903.6646728515625,419.2737731933594,63.02587890625,48.4234619140625,0.6812936663627625,2,car,64
0,1129.052978515625,522.056396484375,300.41064453125,132.14480590820312,0.8048407435417175,2,car,65
1,904.2243041992188,419.5491943359375,63.6156005859375,48.5352783203125,0.7022848725318909,2,car,65
2,104.05467224121094,488.9462890625,97.72491455078125,55.346405029296875,0.6177443861961365,1,bicycle,65
0,1125.3848876953125,520.3364868164062,302.425048828125,124.207763671875,0.8249473571777344,2,car,66
1,904.850830078125,419.9380187988281,63.619140625,48.6156005859375,0.7495667934417725,2,car,66
2,106.3028564453125,489.1341552734375,96.74957275390625,54.661163330078125,0.6461628079414368,1,bicycle,66
0,1121.4578857421875,520.910888671875,292.92449951171875,121.26419067382812,0.838318407535553,2,car,67
1,904.749267578125,420.8621826171875,64.8489990234375,49.4525146484375,0.7666139006614685,2,car,67
2,109.60618591308594,489.9012451171875,98.81453704833984,53.7799072265625,0.6094776391983032,1,bicycle,67
0,1120.4449462890625,517.7958984375,286.42254638671875,129.31689453125,0.8297059535980225,2,car,68
1,905.301513671875,420.9607849121094,64.632080078125,49.98370361328125,0.7470863461494446,2,car,68
0,1113.384033203125,527.0933837890625,297.9541015625,116.1654052734375,0.8882423043251038,2,car,69
1,906.8502807617188,421.7651062011719,65.9049072265625,51.283203125,0.7533014416694641,2,car,69
0,1110.2672119140625,525.1114501953125,295.95843505859375,119.100830078125,0.8660063147544861,2,car,70
1,908.3714599609375,422.7032775878906,67.798828125,51.811767578125,0.7722276449203491,2,car,70
0,1105.635498046875,525.697509765625,292.19970703125,118.71365356445312,0.8882092237472534,2,car,71
1,909.1473999023438,422.38287353515625,68.853759765625,51.597412109375,0.7672871351242065,2,car,71
2,137.71527099609375,487.929931640625,92.15869140625,55.95751953125,0.6550168395042419,1,bicycle,71
0,1099.84912109375,524.8078002929688,289.5517578125,121.25637817382812,0.8873897194862366,2,car,72
1,909.369384765625,422.1297607421875,68.9263916015625,51.77655029296875,0.7721860408782959,2,car,72
2,141.1813507080078,486.29986572265625,89.2891845703125,57.0423583984375,0.6241458058357239,1,bicycle,72
0,1094.4136962890625,524.4172973632812,291.31298828125,121.7999267578125,0.8567286133766174,2,car,73
1,909.923828125,422.4443054199219,72.376220703125,53.1456298828125,0.7648328542709351,2,car,73
0,1091.55859375,525.692626953125,294.251708984375,112.9727783203125,0.8653928637504578,2,car,74
1,910.5955810546875,422.9298095703125,72.38232421875,53.864990234375,0.7730714678764343,2,car,74
0,1081.9910888671875,526.8744506835938,292.54803466796875,112.08334350585938,0.884274423122406,2,car,75
1,913.5986938476562,423.61474609375,71.47802734375,51.7620849609375,0.7684873342514038,2,car,75
0,1074.091796875,527.6322021484375,295.1240234375,114.4840087890625,0.8883532285690308,2,car,76
1,914.5421752929688,423.8538513183594,71.36376953125,50.9683837890625,0.7747902274131775,2,car,76
0,1071.8302001953125,526.52392578125,281.88751220703125,110.7220458984375,0.8772037625312805,2,car,77
1,915.5084228515625,423.95098876953125,70.88525390625,51.61151123046875,0.7555727958679199,2,car,77
0,1069.0897216796875,526.097900390625,282.79248046875,113.10079956054688,0.8857128620147705,2,car,78
1,916.534912109375,423.513427734375,70.675048828125,52.26800537109375,0.7644535899162292,2,car,78
2,858.39208984375,409.6942443847656,38.305908203125,23.6387939453125,0.6110736727714539,2,car,78
0,1063.2305908203125,525.2976684570312,281.66387939453125,114.1142578125,0.8869301080703735,2,car,79
1,917.578125,423.639892578125,71.3125,52.30859375,0.7543873190879822,2,car,79
2,858.4891357421875,409.69024658203125,38.368408203125,23.3197021484375,0.6201197504997253,2,car,79
0,1049.313232421875,525.69921875,279.57611083984375,113.18887329101562,0.9036871790885925,2,car,80
1,917.9559326171875,424.2551574707031,72.9888916015625,51.876953125,0.7700674533843994,2,car,80
2,1223.331298828125,495.8494873046875,111.410888671875,117.68017578125,0.6551308035850525,7,truck,80
3,858.6277465820312,409.52557373046875,38.4735107421875,23.645751953125,0.641874372959137,2,car,80
0,1044.83544921875,525.882080078125,278.78314208984375,111.1756591796875,0.9043540954589844,2,car,81
1,918.3600463867188,424.0498046875,73.5179443359375,52.030029296875,0.7663471102714539,2,car,81
2,1226.8773193359375,496.3568115234375,106.245361328125,117.0211181640625,0.6670544147491455,7,truck,81
3,858.5419921875,409.3448791503906,38.74658203125,23.507568359375,0.6347826719284058,2,car,81
0,1040.668212890625,525.4923095703125,277.91387939453125,110.5853271484375,0.8948017954826355,2,car,82
1,918.402099609375,424.10882568359375,74.733154296875,52.9410400390625,0.7637641429901123,2,car,82
2,858.5172119140625,409.1790771484375,38.6473388671875,23.66363525390625,0.63605135679245,2,car,82
0,1040.2803955078125,522.949951171875,272.32379150390625,107.90652465820312,0.9091195464134216,2,car,83
1,918.3158569335938,423.84539794921875,75.67431640625,53.1951904296875,0.7374346256256104,2,car,83
2,858.5418701171875,409.071533203125,38.5191650390625,23.5478515625,0.6288996338844299,2,car,83
0,1035.697998046875,523.2501220703125,278.22357177734375,108.79617309570312,0.9197129607200623,2,car,84
1,918.5827026367188,424.3538818359375,75.0235595703125,52.80511474609375,0.7436313033103943,2,car,84
2,858.5451049804688,409.1055603027344,38.5123291015625,23.59405517578125,0.6330029964447021,2,car,84
0,1025.744384765625,524.2135009765625,282.018798828125,109.78298950195312,0.9166338443756104,2,car,85
1,920.5633544921875,424.3399963378906,72.8966064453125,53.88238525390625,0.7303847074508667,2,car,85
0,1021.0267333984375,524.62451171875,283.948486328125,109.98934936523438,0.9135123491287231,2,car,86
1,921.3206176757812,424.49322509765625,73.478271484375,53.99493408203125,0.7238323092460632,2,car,86
0,1015.03076171875,523.9298095703125,281.905517578125,110.87734985351562,0.9101685285568237,2,car,87
1,922.3167114257812,424.6408996582031,73.7642822265625,54.7958984375,0.6983633041381836,2,car,87
0,1009.82275390625,522.274658203125,274.74761962890625,109.51992797851562,0.9070974588394165,2,car,88
1,922.8840942382812,424.4917297363281,74.30517578125,55.59185791015625,0.6366803050041199,2,car,88
0,1003.64208984375,522.6510009765625,282.379150390625,110.83349609375,0.9145960807800293,2,car,89
1,924.0913696289062,424.7240295410156,74.6778564453125,55.85516357421875,0.6677143573760986,2,car,89
0,991.717041015625,523.3342895507812,271.074462890625,107.599609375,0.9061115980148315,2,car,90
1,925.3088989257812,424.191162109375,73.9515380859375,56.661865234375,0.6698639988899231,2,car,90
0,986.6917724609375,521.7883911132812,269.91473388671875,105.51931762695312,0.9059525728225708,2,car,91
1,925.7667846679688,424.2002258300781,73.3870849609375,56.55303955078125,0.6576861143112183,2,car,91
0,977.9525146484375,521.2669677734375,267.208984375,105.64089965820312,0.9065016508102417,2,car,92
1,926.5200805664062,424.8187255859375,73.833251953125,55.9803466796875,0.684407651424408,2,car,92
0,972.1107177734375,521.1376953125,277.13189697265625,111.077392578125,0.9176368713378906,2,car,93
1,927.10009765625,425.0459289550781,73.23681640625,55.6060791015625,0.6478404998779297,2,car,93
2,26.831926345825195,486.1097412109375,53.66385269165039,65.2403564453125,0.6030081510543823,1,bicycle,93
0,969.875732421875,521.8823852539062,264.798583984375,104.625732421875,0.9161627888679504,2,car,94
1,927.354736328125,424.97235107421875,73.4139404296875,55.4801025390625,0.6694164276123047,2,car,94
0,952.3408203125,519.4168701171875,271.23162841796875,109.59854125976562,0.9011974334716797,2,car,95
1,929.016357421875,425.4165344238281,71.154541015625,56.46368408203125,0.6207751631736755,2,car,95
0,946.6918334960938,518.9686889648438,271.6185302734375,110.22900390625,0.8945621252059937,2,car,96
0,934.7876586914062,519.2062377929688,276.4508056640625,109.2926025390625,0.9117822647094727,2,car,97
0,935.357666015625,518.26953125,263.31597900390625,107.39990234375,0.9039402604103088,2,car,98
0,924.6353759765625,517.5499877929688,267.80126953125,108.51528930664062,0.9000231623649597,2,car,99
0,911.2275390625,516.4419555664062,262.7099609375,101.02587890625,0.9100260138511658,2,car,100
1,47.58619689941406,487.882080078125,95.17239379882812,58.142303466796875,0.6198335886001587,1,bicycle,100
0,906.7708129882812,516.3751831054688,262.6807861328125,101.02011108398438,0.9182640910148621,2,car,101
0,902.6117553710938,515.09765625,261.3465576171875,101.79702758789062,0.9078288674354553,2,car,102
1,935.80322265625,428.3640441894531,72.6248779296875,54.84051513671875,0.631100058555603,2,car,102
0,891.8334350585938,514.726806640625,259.5858154296875,101.73422241210938,0.9023970365524292,2,car,103
1,936.429931640625,428.3466491699219,72.8929443359375,54.0794677734375,0.6430547833442688,2,car,103
0,885.7258911132812,513.4915161132812,258.8138427734375,101.013671875,0.8921909928321838,2,car,104
1,936.5758666992188,428.39556884765625,73.8231201171875,53.94854736328125,0.667186439037323,2,car,104
0,873.971435546875,510.29376220703125,249.0814208984375,100.783203125,0.9009089469909668,2,car,105
1,937.3641357421875,428.62103271484375,74.365234375,53.33636474609375,0.730938732624054,2,car,105
0,867.0845947265625,509.0440673828125,248.505859375,99.3482666015625,0.8855341076850891,2,car,106
1,937.8334350585938,429.0076599121094,74.510498046875,53.87823486328125,0.7197715044021606,2,car,106
2,78.92147827148438,482.726318359375,104.84174346923828,69.96109008789062,0.6068165302276611,1,bicycle,106
0,858.4482421875,508.72589111328125,246.879638671875,98.87850952148438,0.8707818984985352,2,car,107
1,938.3659057617188,429.4216613769531,74.6710205078125,53.949462890625,0.7132490873336792,2,car,107
2,81.69793701171875,488.3260498046875,100.38470458984375,56.49609375,0.6195108890533447,1,bicycle,107
0,849.3442993164062,508.0189208984375,246.6202392578125,101.47451782226562,0.8979008793830872,2,car,108
1,939.3885498046875,430.293212890625,74.7476806640625,54.72381591796875,0.7191036343574524,2,car,108
0,845.232666015625,508.3470458984375,241.481689453125,98.032958984375,0.9045988917350769,2,car,109
1,938.6676025390625,431.9056091308594,76.9354248046875,53.1082763671875,0.7041957974433899,2,car,109
2,99.96083068847656,482.79864501953125,100.44964599609375,68.705322265625,0.6730502247810364,1,bicycle,109
0,830.3106689453125,505.22100830078125,238.4478759765625,100.73983764648438,0.8906679153442383,2,car,110
1,938.3448486328125,432.0547790527344,76.9669189453125,53.4169921875,0.6753293871879578,2,car,110
2,106.51686096191406,488.90313720703125,104.35861206054688,56.127899169921875,0.6591494083404541,1,bicycle,110
0,826.577880859375,504.8748779296875,237.3768310546875,98.42721557617188,0.8931495547294617,2,car,111
1,939.6434326171875,432.1546630859375,76.99365234375,53.32177734375,0.6865949034690857,2,car,111
2,113.4488754272461,487.01080322265625,98.19169616699219,56.587921142578125,0.667212963104248,1,bicycle,111
0,822.6329956054688,504.44140625,230.3341064453125,98.88479614257812,0.9023363590240479,2,car,112
1,941.603271484375,431.40045166015625,78.318603515625,54.11236572265625,0.6736410856246948,2,car,112
2,120.90290832519531,486.99932861328125,94.16544342041016,58.15869140625,0.6313033699989319,1,bicycle,112
0,814.207763671875,503.62774658203125,235.235107421875,100.42654418945312,0.8952245712280273,2,car,113
1,939.8626708984375,431.84136962890625,78.1776123046875,54.42193603515625,0.6541402339935303,2,car,113
0,807.0858154296875,502.10272216796875,231.6351318359375,99.324462890625,0.8854846954345703,2,car,114
1,940.5037841796875,431.5674743652344,78.2716064453125,54.27569580078125,0.6430419683456421,2,car,114
0,795.1835327148438,499.7786865234375,223.7647705078125,96.693115234375,0.8748888373374939,2,car,115
1,941.7901611328125,431.70452880859375,80.4293212890625,54.12493896484375,0.6578885316848755,2,car,115
2,292.7212829589844,449.47540283203125,30.1781005859375,68.7022705078125,0.6553055047988892,0,person,115
0,792.4445190429688,498.0362548828125,220.4876708984375,97.02468872070312,0.8908801078796387,2,car,116
1,943.8179931640625,430.7225341796875,79.920654296875,54.41461181640625,0.6922542452812195,2,car,116
0,786.0047607421875,495.75531005859375,219.065673828125,94.2589111328125,0.8795297741889954,2,car,117
1,944.2601318359375,430.6869812011719,80.088134765625,54.08648681640625,0.722678005695343,2,car,117
2,296.050048828125,448.5455322265625,31.7081298828125,66.679931640625,0.618176281452179,0,person,117
0,781.2561645507812,494.67236328125,216.3826904296875,93.4859619140625,0.8816138505935669,2,car,118
1,944.8436889648438,430.3703308105469,80.9248046875,53.9691162109375,0.7092481255531311,2,car,118
2,296.74505615234375,448.8848571777344,31.77886962890625,64.33349609375,0.624488890171051,0,person,118
0,775.3349609375,494.01800537109375,209.640625,90.15713500976562,0.8732827305793762,2,car,119
1,945.18408203125,430.42572021484375,81.9285888671875,54.38677978515625,0.7061702609062195,2,car,119
2,298.0992126464844,448.57684326171875,30.27899169921875,64.7227783203125,0.6461784243583679,0,person,119
0,763.5931396484375,494.57470703125,203.581298828125,94.5662841796875,0.8584426641464233,2,car,120
1,945.479736328125,430.4383544921875,83.1805419921875,54.3677978515625,0.7347650527954102,2,car,120
2,300.6610412597656,449.6794738769531,28.45343017578125,72.80914306640625,0.6853797435760498,0,person,120
0,760.7987060546875,492.46331787109375,198.5469970703125,94.1226806640625,0.875331461429596,2,car,121
1,945.6072998046875,430.6398010253906,82.11328125,53.96368408203125,0.7492935657501221,2,car,121
2,301.3601379394531,449.7380676269531,29.2515869140625,73.794677734375,0.6954479813575745,0,person,121
0,754.2627563476562,491.62066650390625,195.5233154296875,93.2567138671875,0.8891668319702148,2,car,122
1,945.8228759765625,430.7235107421875,82.5345458984375,53.911376953125,0.7565472722053528,2,car,122
2,302.4834899902344,449.25347900390625,29.564453125,71.87786865234375,0.7075473070144653,0,person,122
0,750.8497314453125,489.16912841796875,191.52099609375,93.154541015625,0.9081196188926697,2,car,123
1,946.17822265625,430.6262512207031,81.8577880859375,53.9112548828125,0.763080358505249,2,car,123
2,303.02398681640625,450.15728759765625,28.7435302734375,70.9716796875,0.711146891117096,0,person,123
0,748.3328247070312,487.708740234375,188.0377197265625,91.93295288085938,0.9102244973182678,2,car,124
1,946.6832885742188,430.6790466308594,81.68603515625,53.90106201171875,0.7519357800483704,2,car,124
2,303.6458435058594,448.5444030761719,27.45867919921875,70.12738037109375,0.6462661623954773,0,person,124
0,739.30810546875,484.6839599609375,186.737060546875,90.02841186523438,0.9051493406295776,2,car,125
1,945.3123779296875,431.0370788574219,82.194580078125,54.57073974609375,0.7587670087814331,2,car,125
2,306.93603515625,447.3816223144531,28.20318603515625,66.52874755859375,0.6355243921279907,0,person,125
0,733.2446899414062,484.09307861328125,174.7333984375,87.3912353515625,0.9032348990440369,2,car,126
1,945.3408203125,431.1370849609375,82.482177734375,54.44091796875,0.7586404085159302,2,car,126
2,307.2640075683594,446.033447265625,27.89990234375,66.62451171875,0.6692517995834351,0,person,126
0,730.2413330078125,482.8385009765625,170.7159423828125,82.285400390625,0.9022468328475952,2,car,127
1,946.5254516601562,433.7019348144531,78.6654052734375,56.2174072265625,0.7411620616912842,2,car,127
2,308.2955627441406,446.2461242675781,28.7183837890625,64.93206787109375,0.700587809085846,0,person,127
0,727.5057373046875,480.822265625,168.295166015625,81.38125610351562,0.8801526427268982,2,car,128
1,308.55072021484375,446.4966125488281,29.33209228515625,64.47113037109375,0.7357404828071594,0,person,128
2,945.769775390625,431.1216735839844,82.16455078125,54.4822998046875,0.7351816892623901,2,car,128
0,723.02001953125,480.06805419921875,165.77001953125,83.80419921875,0.8821609616279602,2,car,129
1,946.4495849609375,433.4626770019531,79.5966796875,55.90850830078125,0.7272828221321106,2,car,129
2,309.3581848144531,445.8301086425781,31.36065673828125,65.70263671875,0.7203393578529358,0,person,129
0,714.1378173828125,477.37176513671875,156.2901611328125,83.2396240234375,0.8972275257110596,2,car,130
1,946.99462890625,433.4544372558594,78.8436279296875,55.60919189453125,0.7288148999214172,2,car,130
2,311.61212158203125,445.3751525878906,32.5108642578125,65.7381591796875,0.6248862743377686,0,person,130
0,711.757080078125,476.65478515625,152.516845703125,82.0584716796875,0.9102953672409058,2,car,131
1,946.7959594726562,433.3557434082031,79.5279541015625,55.6558837890625,0.7253648042678833,2,car,131
2,312.2002868652344,445.12237548828125,32.5076904296875,65.2877197265625,0.6247075796127319,0,person,131
0,707.764892578125,475.5570983886719,150.0830078125,82.00653076171875,0.9068819880485535,2,car,132
1,946.77685546875,433.345458984375,79.6512451171875,55.7967529296875,0.7239435315132141,2,car,132
2,314.1751403808594,445.6956787109375,32.62884521484375,65.68798828125,0.6210052967071533,0,person,132
0,704.899169921875,475.10516357421875,148.169677734375,80.79190063476562,0.9010646939277649,2,car,133
1,946.9254150390625,433.4360046386719,79.255615234375,55.73297119140625,0.716987669467926,2,car,133
2,314.9730224609375,444.7531433105469,31.76470947265625,68.3656005859375,0.6705037355422974,0,person,133
0,701.315185546875,473.67059326171875,144.7845458984375,80.036865234375,0.8796641230583191,2,car,134
1,947.0924072265625,433.4074401855469,79.0313720703125,55.69989013671875,0.7061922550201416,2,car,134
2,316.01751708984375,444.4944763183594,29.79937744140625,68.0472412109375,0.6742165088653564,0,person,134
0,697.8966064453125,470.113525390625,135.834228515625,77.75439453125,0.8472177982330322,2,car,135
1,946.7968139648438,433.5755920410156,79.3914794921875,56.04022216796875,0.7108994126319885,2,car,135
2,316.72149658203125,444.329345703125,29.3670654296875,70.310546875,0.6466953754425049,0,person,135
0,695.8131103515625,469.1730651855469,130.0799560546875,78.21087646484375,0.8601343631744385,2,car,136
1,946.787841796875,433.6741027832031,79.42041015625,55.98565673828125,0.7156301736831665,2,car,136
2,317.1558532714844,445.6461486816406,28.842041015625,70.0048828125,0.6285945773124695,0,person,136
0,694.3538208007812,468.40325927734375,126.98291015625,77.78201293945312,0.8637693524360657,2,car,137
1,946.7174072265625,433.4361877441406,79.6671142578125,55.86199951171875,0.7081884741783142,2,car,137
0,691.6146240234375,467.9039306640625,127.1048583984375,75.38809204101562,0.8650674819946289,2,car,138
1,946.9293212890625,433.5420837402344,79.497314453125,55.879638671875,0.7152024507522583,2,car,138
0,689.9701538085938,467.73724365234375,125.369873046875,75.9395751953125,0.8651140332221985,2,car,139
1,947.2928466796875,433.6478576660156,78.526123046875,55.76849365234375,0.7095362544059753,2,car,139
0,685.9317626953125,467.23138427734375,119.4129638671875,76.758544921875,0.8353691101074219,2,car,140
1,947.3123168945312,433.65081787109375,78.7012939453125,55.82891845703125,0.6983239054679871,2,car,140
2,322.15899658203125,443.6029052734375,25.53192138671875,65.14080810546875,0.6141563057899475,0,person,140
0,684.1812744140625,466.4976501464844,114.997314453125,74.45391845703125,0.8382644057273865,2,car,141
1,947.257568359375,433.6426086425781,79.1370849609375,55.9478759765625,0.7102037072181702,2,car,141
2,322.2579345703125,441.9676513671875,25.24224853515625,67.70953369140625,0.6214215159416199,0,person,141
0,682.7569580078125,465.51593017578125,112.76416015625,73.72445678710938,0.8244378566741943,2,car,142
1,947.2871704101562,433.75799560546875,79.0867919921875,55.8583984375,0.7156645059585571,2,car,142
2,322.38494873046875,441.4031982421875,25.2501220703125,67.7078857421875,0.6034359931945801,0,person,142
0,681.8418579101562,464.87017822265625,110.8280029296875,73.802490234375,0.8416204452514648,2,car,143
1,947.4818725585938,433.6651916503906,78.8388671875,55.74102783203125,0.7219248414039612,2,car,143
2,265.91717529296875,447.60992431640625,37.18817138671875,81.4300537109375,0.649023711681366,0,person,143
0,680.18994140625,464.515625,106.194091796875,73.04336547851562,0.8572849631309509,2,car,144
1,947.3441772460938,433.4888916015625,79.024169921875,55.87103271484375,0.7216759324073792,2,car,144
0,679.2064819335938,462.9261169433594,101.2181396484375,70.98577880859375,0.8413769006729126,2,car,145
1,947.87646484375,433.8282470703125,78.3572998046875,55.36260986328125,0.728367269039154,2,car,145
0,678.0296630859375,461.684814453125,99.0899658203125,70.72164916992188,0.8438853025436401,2,car,146
1,948.00390625,433.91632080078125,78.3372802734375,55.28125,0.7318894267082214,2,car,146
2,274.1717529296875,447.5314636230469,35.42132568359375,77.8895263671875,0.6111879348754883,0,person,146
0,677.6619873046875,460.61102294921875,96.790771484375,70.13925170898438,0.8094471096992493,2,car,147
1,948.0258178710938,433.9905700683594,78.0216064453125,55.32305908203125,0.7233200073242188,2,car,147
2,275.61492919921875,447.1710510253906,33.404296875,77.2685546875,0.6510283946990967,0,person,147
0,677.703857421875,459.48388671875,93.7490234375,67.76193237304688,0.8007385730743408,2,car,148
1,947.9111328125,434.0832824707031,78.15673828125,55.32012939453125,0.7230364680290222,2,car,148
2,276.99261474609375,447.0038146972656,35.767333984375,77.73291015625,0.6460495591163635,0,person,148
0,677.00244140625,458.2436828613281,93.063720703125,66.39727783203125,0.8219252824783325,2,car,149
1,948.0571899414062,433.9623718261719,78.3031005859375,55.1644287109375,0.7250418663024902,2,car,149
2,279.32818603515625,445.53265380859375,35.5557861328125,78.055908203125,0.6198998093605042,0,person,149
0,676.31494140625,457.6089782714844,89.7073974609375,64.56561279296875,0.8166093230247498,2,car,150
1,947.8851318359375,433.7518005371094,78.443603515625,55.4736328125,0.7328708171844482,2,car,150
2,282.65789794921875,444.1249084472656,33.7425537109375,74.6109619140625,0.629448652267456,0,person,150
0,675.3046264648438,456.80828857421875,85.7086181640625,63.638031005859375,0.7974730134010315,2,car,151
1,947.991943359375,433.75738525390625,78.4886474609375,55.2740478515625,0.7373542189598083,2,car,151
0,674.9037475585938,456.0960693359375,83.1287841796875,63.07342529296875,0.7433651089668274,2,car,152
1,947.8290405273438,433.7814025878906,78.548828125,55.2237548828125,0.7263436913490295,2,car,152
2,331.2612609863281,438.91131591796875,24.7210693359375,62.3778076171875,0.6601575016975403,0,person,152
0,673.4967041015625,455.0035095214844,82.726806640625,63.1195068359375,0.7102217674255371,2,car,153
1,947.7474365234375,433.4942321777344,78.5770263671875,55.53936767578125,0.7029127478599548,2,car,153
2,331.8740234375,438.0643310546875,22.42645263671875,60.82867431640625,0.6663293242454529,0,person,153
0,947.7692260742188,433.5831298828125,78.3973388671875,55.3890380859375,0.6986855268478394,2,car,154
1,331.7956848144531,437.5158386230469,22.09771728515625,60.95648193359375,0.6633560061454773,0,person,154
2,672.9473266601562,454.4488830566406,80.92138671875,63.99822998046875,0.6610023975372314,2,car,154
0,947.798583984375,433.49554443359375,78.7818603515625,55.28558349609375,0.7073209881782532,2,car,155
1,669.1137084960938,453.4429626464844,82.926513671875,63.0555419921875,0.6582545638084412,2,car,155
2,292.4179992675781,442.2463073730469,31.82098388671875,72.24273681640625,0.6478258967399597,0,person,155
0,947.8775024414062,433.4705505371094,78.5679931640625,55.3306884765625,0.7107104063034058,2,car,156
1,669.8163452148438,453.37933349609375,81.373046875,63.47991943359375,0.664220929145813,2,car,156
2,292.9952392578125,440.51116943359375,32.3775634765625,71.8553466796875,0.6603489518165588,0,person,156
0,948.5835571289062,433.5806579589844,76.505126953125,55.53753662109375,0.7070537209510803,2,car,157
1,671.7539672851562,452.24273681640625,72.6055908203125,61.50469970703125,0.706017792224884,2,car,157
2,295.1399230957031,443.041259765625,27.406982421875,72.4305419921875,0.6600830554962158,0,person,157
0,668.7990112304688,450.539794921875,76.0068359375,58.50323486328125,0.7356331944465637,2,car,158
1,948.3546752929688,433.431396484375,77.0789794921875,55.6060791015625,0.702100396156311,2,car,158
0,665.87158203125,450.1923828125,77.9063720703125,56.758544921875,0.7167781591415405,2,car,159
1,948.35009765625,433.45947265625,77.17041015625,55.54443359375,0.7094385623931885,2,car,159
2,297.26544189453125,443.2489318847656,31.57928466796875,74.39532470703125,0.6007359027862549,0,person,159
0,661.1973266601562,447.46856689453125,78.1494140625,56.242431640625,0.7115746736526489,2,car,160
1,948.3246459960938,433.42724609375,77.430419921875,55.73809814453125,0.7076849341392517,2,car,160
2,298.8497314453125,442.720458984375,29.4599609375,75.6075439453125,0.6203436255455017,0,person,160
0,947.9862060546875,433.80780029296875,77.8316650390625,55.85089111328125,0.713792085647583,2,car,161
1,659.2633056640625,447.5070495605469,78.4259033203125,57.14508056640625,0.7000700831413269,2,car,161
2,300.0415954589844,442.63800048828125,31.54217529296875,75.008544921875,0.6506149172782898,0,person,161
0,948.0381469726562,433.676025390625,77.5045166015625,55.617431640625,0.7062156796455383,2,car,162
1,658.366455078125,447.0421142578125,78.974609375,57.22650146484375,0.7061558961868286,2,car,162
2,298.677490234375,442.8087158203125,28.574951171875,72.7928466796875,0.6172177195549011,0,person,162
0,657.3856811523438,447.7267761230469,82.5938720703125,57.884033203125,0.7224458456039429,2,car,163
1,947.9896850585938,433.6549377441406,77.6026611328125,55.70843505859375,0.7048668265342712,2,car,163
2,301.53759765625,441.8557434082031,30.378173828125,76.74554443359375,0.6065276861190796,0,person,163
0,947.8154907226562,433.6888732910156,78.149658203125,55.45220947265625,0.704229474067688,2,car,164
1,655.9403076171875,446.7957763671875,80.958251953125,57.41119384765625,0.7024932503700256,2,car,164
2,302.3116760253906,441.5179138183594,30.255615234375,77.92388916015625,0.6358789205551147,0,person,164
0,948.1500854492188,433.887939453125,77.3531494140625,55.33074951171875,0.7144124507904053,2,car,165
1,653.96728515625,445.6553649902344,77.3980712890625,57.3338623046875,0.7062143683433533,2,car,165
0,948.044189453125,433.71575927734375,77.71044921875,55.33843994140625,0.7109516263008118,2,car,166
1,652.2759399414062,444.16912841796875,76.8416748046875,57.83734130859375,0.66966712474823,2,car,166
0,948.0477294921875,433.6121826171875,78.01708984375,55.52685546875,0.7111430168151855,2,car,167
1,652.7818603515625,441.8403625488281,74.3271484375,56.98419189453125,0.654316246509552,2,car,167
2,307.03802490234375,439.0338134765625,28.967529296875,77.4752197265625,0.6281893849372864,0,person,167
0,948.0106201171875,433.6923828125,77.85107421875,55.4078369140625,0.7105194330215454,2,car,168
1,652.6262817382812,438.41265869140625,70.1126708984375,52.31353759765625,0.6562949419021606,2,car,168
2,307.64776611328125,438.9824523925781,28.57635498046875,76.253173828125,0.623944103717804,0,person,168
0,650.7666625976562,440.4259338378906,73.8094482421875,56.22894287109375,0.7184262275695801,2,car,169
1,947.7221069335938,433.2886657714844,77.585205078125,55.145263671875,0.6950984597206116,2,car,169
2,308.87017822265625,439.5596923828125,32.74310302734375,68.30377197265625,0.6543296575546265,0,person,169
0,650.73974609375,438.2161560058594,70.3717041015625,53.1846923828125,0.7512502670288086,2,car,170
1,947.70654296875,433.310302734375,77.8280029296875,55.2681884765625,0.6925172209739685,2,car,170
2,309.94390869140625,439.00048828125,32.89984130859375,68.88128662109375,0.6358366012573242,0,person,170
0,650.61572265625,437.6375427246094,69.9796142578125,52.6168212890625,0.7433599233627319,2,car,171
1,947.6310424804688,433.2220153808594,78.1396484375,55.19549560546875,0.6990416646003723,2,car,171
2,310.3512268066406,438.2803649902344,32.56683349609375,68.42059326171875,0.6240554451942444,0,person,171
0,650.5846557617188,436.8490905761719,67.0721435546875,51.40765380859375,0.7139890789985657,2,car,172
1,947.7454223632812,433.0671691894531,78.000732421875,55.11663818359375,0.6954138278961182,2,car,172
2,311.3044128417969,439.21038818359375,31.29534912109375,73.1395263671875,0.6045863628387451,0,person,172
0,650.6751098632812,436.6712341308594,64.989013671875,50.00982666015625,0.7212842106819153,2,car,173
1,947.7965087890625,433.246337890625,77.96337890625,55.29461669921875,0.7007739543914795,2,car,173
2,313.3952331542969,439.2212219238281,29.76190185546875,73.36309814453125,0.6036310195922852,0,person,173
0,650.67333984375,435.9725646972656,66.271240234375,50.9638671875,0.7384037971496582,2,car,174
1,947.9942016601562,433.02667236328125,77.71923828125,55.121826171875,0.695103645324707,2,car,174
0,649.489501953125,433.6646423339844,63.205322265625,46.30511474609375,0.7330533862113953,2,car,175
1,947.7262573242188,433.2946472167969,78.421875,55.0421142578125,0.7012425065040588,2,car,175
0,648.4659423828125,434.0716552734375,65.8154296875,47.168212890625,0.7200508117675781,2,car,176
1,947.6445922851562,433.216552734375,78.84375,55.11614990234375,0.7008910179138184,2,car,176
2,316.2379150390625,438.44891357421875,27.390625,69.9283447265625,0.6228790283203125,0,person,176
0,647.3881225585938,433.9148864746094,64.1630859375,46.9248046875,0.7340520024299622,2,car,177
1,947.5042114257812,433.2272033691406,78.8057861328125,55.001220703125,0.7076703310012817,2,car,177
2,316.8142395019531,437.82830810546875,27.87347412109375,72.1429443359375,0.6243224143981934,0,person,177
0,647.5176391601562,433.054443359375,62.7650146484375,46.9031982421875,0.7378670573234558,2,car,178
1,947.5028076171875,433.2618103027344,79.2667236328125,55.33416748046875,0.7163165807723999,2,car,178
2,316.6122741699219,437.51708984375,26.6309814453125,68.9564208984375,0.6077429056167603,0,person,178
0,647.1936645507812,432.9737243652344,61.316650390625,47.0567626953125,0.7531551718711853,2,car,179
1,947.6109008789062,433.294677734375,78.9591064453125,55.1405029296875,0.7142332792282104,2,car,179
2,316.9369201660156,437.44970703125,26.25140380859375,68.37359619140625,0.636245846748352,0,person,179
0,645.640625,431.9059143066406,58.5947265625,46.39801025390625,0.7184126377105713,2,car,180
1,947.8160400390625,433.37890625,78.19091796875,54.82196044921875,0.7041847109794617,2,car,180
2,318.1973876953125,436.81103515625,27.50323486328125,69.2808837890625,0.660417377948761,0,person,180
0,644.4501342773438,431.4178771972656,60.0423583984375,48.037109375,0.6688072085380554,2,car,181
1,947.9869384765625,433.4268493652344,78.33251953125,54.13067626953125,0.6639049053192139,2,car,181
2,318.8172912597656,435.7795104980469,26.67987060546875,68.03125,0.6349642276763916,0,person,181
0,947.8224487304688,433.42730712890625,78.7923583984375,54.20831298828125,0.6823939681053162,2,car,182
1,319.2544860839844,435.50909423828125,29.52764892578125,67.13348388671875,0.6338363885879517,0,person,182
2,643.7144775390625,430.71795654296875,61.054931640625,48.116943359375,0.6303837299346924,2,car,182
0,947.796875,433.385986328125,78.693603515625,54.19830322265625,0.685350239276886,2,car,183
1,320.2777404785156,435.3251037597656,28.49676513671875,67.60784912109375,0.6482846736907959,0,person,183
2,643.8964233398438,430.1390075683594,60.3931884765625,46.92767333984375,0.6260095834732056,2,car,183
0,947.6987915039062,433.32965087890625,78.7723388671875,54.0704345703125,0.6742252111434937,2,car,184
1,321.34686279296875,435.3118896484375,28.42144775390625,66.10552978515625,0.6345661282539368,0,person,184
2,644.01123046875,428.8236999511719,59.419921875,45.50665283203125,0.6277512907981873,2,car,184
0,947.6260375976562,433.26898193359375,78.7198486328125,54.17913818359375,0.6680783629417419,2,car,185
1,322.98638916015625,433.8861083984375,26.53265380859375,64.400146484375,0.6450737714767456,0,person,185
2,642.7378540039062,428.0289001464844,58.5322265625,47.40521240234375,0.6205505132675171,2,car,185
0,947.8428955078125,433.2342834472656,78.391845703125,54.06561279296875,0.669524073600769,2,car,186
1,323.58465576171875,434.1780090332031,25.8697509765625,63.58392333984375,0.632809579372406,0,person,186
0,947.9247436523438,433.2682800292969,78.1597900390625,53.8280029296875,0.6809232831001282,2,car,187
1,640.0328979492188,426.0042724609375,62.534423828125,46.09033203125,0.6230258345603943,2,car,187
2,324.3669738769531,435.9696350097656,26.728759765625,66.91326904296875,0.6120081543922424,0,person,187
0,947.88525390625,433.296630859375,78.23974609375,53.83990478515625,0.679302453994751,2,car,188
1,638.671630859375,425.21148681640625,63.6175537109375,47.09173583984375,0.6104280948638916,2,car,188
2,325.3524169921875,436.4917297363281,25.27130126953125,67.88677978515625,0.6015124320983887,0,person,188
0,947.9122314453125,433.293212890625,78.245849609375,53.92822265625,0.666714072227478,2,car,189
0,948.0169677734375,433.23492431640625,78.1688232421875,53.97760009765625,0.6618090867996216,2,car,190
0,948.1290283203125,433.23931884765625,77.786376953125,53.7332763671875,0.6632223129272461,2,car,191
0,635.9710693359375,422.3119201660156,57.503662109375,46.72210693359375,0.6374591588973999,2,car,192
1,948.3807983398438,433.2921142578125,77.1502685546875,53.606201171875,0.637128472328186,2,car,192
2,329.55523681640625,435.0639953613281,24.31756591796875,68.50433349609375,0.6041480302810669,0,person,192
0,635.9520874023438,422.42816162109375,56.215087890625,43.7625732421875,0.7088844776153564,2,car,193
1,329.4032287597656,433.4734191894531,23.64068603515625,62.33636474609375,0.6438320875167847,0,person,193
2,948.3939819335938,433.08197021484375,78.1268310546875,54.44232177734375,0.633213222026825,2,car,193
0,635.8327026367188,421.849609375,55.8648681640625,41.80059814453125,0.6751188635826111,2,car,194
1,948.4649658203125,433.078369140625,78.126953125,54.45391845703125,0.6395941376686096,2,car,194
2,329.66259765625,432.5587158203125,23.17523193359375,62.2681884765625,0.6343315839767456,0,person,194
0,634.9451293945312,421.59417724609375,56.552001953125,40.23297119140625,0.7030777931213379,2,car,195
1,948.535400390625,433.0677490234375,77.9869384765625,54.27288818359375,0.6328569650650024,2,car,195
2,332.173828125,433.1533203125,25.5263671875,60.294921875,0.622146487236023,0,person,195
0,634.5459594726562,421.296630859375,57.2762451171875,40.16162109375,0.7435539364814758,2,car,196
1,948.3115234375,432.9926452636719,78.275146484375,54.298828125,0.6325335502624512,2,car,196
2,333.9203186035156,432.182861328125,27.5009765625,60.8350830078125,0.6119831204414368,0,person,196
0,634.0833740234375,420.8717346191406,55.99951171875,39.43621826171875,0.7363605499267578,2,car,197
1,948.2479858398438,432.89434814453125,78.2677001953125,54.33551025390625,0.6046076416969299,2,car,197
0,633.6908569335938,420.34002685546875,53.6007080078125,38.35565185546875,0.6855589151382446,2,car,198
1,948.1781616210938,432.9668273925781,78.471923828125,54.43841552734375,0.6168634295463562,2,car,198
0,633.0355834960938,419.7013854980469,53.249755859375,37.1842041015625,0.6256321668624878,2,car,199
1,948.2116088867188,432.92974853515625,78.594482421875,54.41033935546875,0.6179319024085999,2,car,199
0,948.2000122070312,432.931884765625,78.6767578125,54.3734130859375,0.6231206059455872,2,car,200
1,337.99371337890625,427.6336669921875,26.17938232421875,60.75567626953125,0.6148713827133179,0,person,200
0,339.01922607421875,426.1567687988281,24.53912353515625,55.5469970703125,0.6127505898475647,0,person,201
1,948.0831909179688,432.95355224609375,78.797607421875,54.29534912109375,0.6050840020179749,2,car,201
0,340.5736389160156,427.21990966796875,26.51983642578125,53.86236572265625,0.6165333986282349,0,person,202
1,948.1427001953125,432.8914489746094,78.764404296875,54.36334228515625,0.6015902161598206,2,car,202
0,948.2784423828125,432.9347229003906,78.3604736328125,54.162109375,0.621149480342865,2,car,203
1,342.0835876464844,426.0958557128906,26.8570556640625,54.78094482421875,0.609173059463501,0,person,203
0,947.2489013671875,433.22637939453125,79.337890625,54.61181640625,0.6359115242958069,2,car,205
0,947.507568359375,433.3177795410156,79.3389892578125,54.453369140625,0.6582857370376587,2,car,206
0,947.5006713867188,433.34588623046875,79.3194580078125,54.2889404296875,0.6596441268920898,2,car,207
0,947.5355224609375,433.336181640625,79.304931640625,54.4979248046875,0.6575107574462891,2,car,208
0,947.6631469726562,433.3423156738281,79.0994873046875,54.24676513671875,0.6634199023246765,2,car,209
1,346.7073974609375,429.31781005859375,22.6920166015625,64.815673828125,0.6167988181114197,0,person,209
0,947.5064086914062,433.2833557128906,79.369140625,54.48040771484375,0.672717273235321,2,car,210
0,947.511474609375,433.2618103027344,79.32861328125,54.6531982421875,0.6785012483596802,2,car,211
0,947.5966796875,433.0963134765625,79.2813720703125,54.6102294921875,0.6531538963317871,2,car,212
0,947.6411743164062,433.0791015625,79.2127685546875,54.492919921875,0.6544108390808105,2,car,213
0,947.67236328125,432.9532470703125,79.124755859375,54.8223876953125,0.6644908785820007,2,car,214
0,947.9308471679688,433.1435241699219,78.3741455078125,54.67816162109375,0.671302855014801,2,car,215
0,947.6971435546875,433.0245666503906,78.5843505859375,54.4677734375,0.6749124526977539,2,car,216
0,949.2831420898438,431.00634765625,80.20556640625,53.8026123046875,0.6778953671455383,2,car,217
0,949.2761840820312,431.03021240234375,80.237548828125,53.62225341796875,0.6891725659370422,2,car,218
1,358.1387634277344,421.8723449707031,22.87689208984375,54.25335693359375,0.6044586300849915,0,person,218
0,949.3611450195312,431.09588623046875,80.1180419921875,53.76055908203125,0.6935186982154846,2,car,219
0,949.304931640625,431.30902099609375,80.2442626953125,53.6109619140625,0.703888475894928,2,car,220
1,857.1455078125,412.3309326171875,35.2198486328125,27.31573486328125,0.621435821056366,2,car,220
0,949.1844482421875,431.3277893066406,80.5882568359375,53.5631103515625,0.7000094056129456,2,car,221
1,362.43023681640625,420.7759094238281,24.36712646484375,56.329345703125,0.622308075428009,0,person,221
2,856.9423217773438,412.8586120605469,35.5140380859375,26.8818359375,0.6158866882324219,2,car,221
0,949.1188354492188,431.26824951171875,80.7080078125,53.615478515625,0.7023783326148987,2,car,222
1,363.128173828125,420.1535949707031,25.32318115234375,57.75543212890625,0.6438780426979065,0,person,222
2,857.7366333007812,412.44647216796875,34.512451171875,26.75018310546875,0.6024196147918701,2,car,222
0,948.9619140625,431.2179260253906,81.0091552734375,53.59161376953125,0.6975283622741699,2,car,223
1,363.84100341796875,420.2252197265625,26.2701416015625,57.92279052734375,0.6373333930969238,0,person,223
0,948.9464111328125,431.2550048828125,81.233642578125,53.591552734375,0.6937417984008789,2,car,224
1,365.8493347167969,421.69000244140625,26.73321533203125,59.158935546875,0.6461389064788818,0,person,224
2,857.5722045898438,412.3418273925781,34.3753662109375,26.16326904296875,0.6039108633995056,2,car,224
0,948.765625,431.1177978515625,81.610595703125,53.5318603515625,0.6925427913665771,2,car,225
0,948.761962890625,431.19873046875,81.598388671875,53.49114990234375,0.6950970888137817,2,car,226
0,948.9029541015625,431.2547607421875,81.2647705078125,53.58758544921875,0.6900987029075623,2,car,227
0,948.8944091796875,431.2229919433594,81.1793212890625,53.62005615234375,0.6945730447769165,2,car,228
0,948.8139038085938,430.8095703125,80.8209228515625,53.85638427734375,0.6647201180458069,2,car,229
0,948.9306030273438,430.9544677734375,80.5780029296875,53.94342041015625,0.6438155174255371,2,car,230
0,949.072509765625,431.0382385253906,80.3502197265625,54.013427734375,0.654305636882782,2,car,231
0,949.0960083007812,431.0838623046875,80.3114013671875,53.99981689453125,0.6691457033157349,2,car,232
0,949.0667724609375,431.0093078613281,80.24267578125,53.95306396484375,0.6484212279319763,2,car,233
0,948.7891235351562,431.16314697265625,81.0,54.1112060546875,0.6532735824584961,2,car,234
0,948.8668212890625,431.2926025390625,81.1041259765625,54.16644287109375,0.6377577781677246,2,car,235
0,948.84326171875,431.1226806640625,81.0623779296875,54.1673583984375,0.6327304244041443,2,car,236
0,947.294921875,433.5802917480469,78.72412109375,55.34503173828125,0.6363431811332703,2,car,237
0,947.5840454101562,433.62713623046875,78.5775146484375,55.09039306640625,0.6454707980155945,2,car,238
0,947.95458984375,433.5402526855469,77.6575927734375,55.19097900390625,0.6409174799919128,2,car,239
0,947.8975219726562,433.5545959472656,77.853271484375,55.15447998046875,0.6551401615142822,2,car,240
0,948.8088989257812,430.8743591308594,81.665771484375,54.06292724609375,0.6538133025169373,2,car,241
0,948.8533325195312,430.8951416015625,81.747314453125,54.1158447265625,0.6462591886520386,2,car,242
0,949.3814086914062,430.9481201171875,80.8045654296875,54.20867919921875,0.6812195777893066,2,car,243
0,949.3389282226562,430.9373779296875,81.0333251953125,54.25433349609375,0.6738669276237488,2,car,244
0,949.3236694335938,431.0674743652344,81.1734619140625,54.256103515625,0.67471843957901,2,car,245
0,949.508544921875,430.8427429199219,80.7584228515625,54.371337890625,0.6832247972488403,2,car,246
0,949.5911865234375,430.895263671875,80.2623291015625,54.40142822265625,0.6762025356292725,2,car,247
0,947.6055297851562,433.0945129394531,79.671630859375,55.61737060546875,0.6969669461250305,2,car,248
0,947.5609130859375,433.16436767578125,79.53466796875,55.516845703125,0.6970504522323608,2,car,249
0,947.7086181640625,433.20428466796875,79.13427734375,55.29388427734375,0.6712526082992554,2,car,250
